model,type,games,ml_acc,spread_acc,rmse,file
big_mix_lm,lm,544,0.9845201238390093,0.9535603715170279,NA,results/preds_big_mix_lm_2023-2024_w1-18.csv
off_plus_qb_lm,lm,544,0.9816176470588235,0.9558823529411765,1.304724516708542,results/preds_off_plus_qb_lm_2023-2024_w1-18.csv
epa_core_lm,lm,544,0.9797794117647058,0.9577205882352942,1.3055248876706356,results/preds_epa_core_lm_2023-2024_w1-18.csv
epa_core_rf,rf,544,0.9724264705882353,0.9558823529411765,1.5978627503846716,results/preds_epa_core_rf_2023-2024_w1-18.csv
off_plus_qb_rf,rf,544,0.9705882352941176,0.9522058823529411,1.7712861410681449,results/preds_off_plus_qb_rf_2023-2024_w1-18.csv
big_mix_rf,rf,544,0.9705882352941176,0.9540441176470589,2.1838993162585028,results/preds_big_mix_rf_2023-2024_w1-18.csv
qb_only_lm,lm,544,0.9632352941176471,0.9319852941176471,2.414924253644021,results/preds_qb_only_lm_2023-2024_w1-18.csv
qb_only_rf,rf,544,0.9558823529411765,0.9319852941176471,2.9478388155408686,results/preds_qb_only_rf_2023-2024_w1-18.csv
